"CHROM","POS","REF","ALT","PID","SUBGROUP"
"1",27106731,"G","A","BRCA1/2","BRCA1/2"
"1",156830947,"C","T","BRCA1/2","BRCA1/2"
"1",204518315,"G","C","BRCA1/2","BRCA1/2"
"1",243828189,"A","G","BRCA1/2","BRCA1/2"
"2",240098063,"T","A","BRCA1/2","BRCA1/2"
"3",37089189,"C","G","BRCA1/2","BRCA1/2"
"3",185766445,"C","T","BRCA1/2","BRCA1/2"
"4",1804571,"C","A","BRCA1/2","BRCA1/2"
"5",112174631,"C","T","BRCA1/2","BRCA1/2"
"5",150942923,"C","T","BRCA1/2","BRCA1/2"
"6",32178520,"C","A","BRCA1/2","BRCA1/2"
"6",32185039,"G","A","BRCA1/2","BRCA1/2"
"6",32188815,"C","G","BRCA1/2","BRCA1/2"
"6",33287900,"C","T","BRCA1/2","BRCA1/2"
"7",55229143,"C","T","BRCA1/2","BRCA1/2"
"7",55242349,"C","T","BRCA1/2","BRCA1/2"
"7",55259515,"T","G","BRCA1/2","BRCA1/2"
"7",140492409,"A","C","BRCA1/2","BRCA1/2"
"7",140499764,"C","T","BRCA1/2","BRCA1/2"
"7",151945141,"G","A","BRCA1/2","BRCA1/2"
"7",151962186,"G","A","BRCA1/2","BRCA1/2"
"8",118832016,"T","A","BRCA1/2","BRCA1/2"
"8",144940363,"G","A","BRCA1/2","BRCA1/2"
"12",432313,"T","G","BRCA1/2","BRCA1/2"
"12",12023425,"G","C","BRCA1/2","BRCA1/2"
"12",12036231,"T","C","BRCA1/2","BRCA1/2"
"12",18793483,"G","A","BRCA1/2","BRCA1/2"
"12",25378562,"C","T","BRCA1/2","BRCA1/2"
"12",49426651,"T","A","BRCA1/2","BRCA1/2"
"12",49445702,"T","A","BRCA1/2","BRCA1/2"
"12",49445828,"G","A","BRCA1/2","BRCA1/2"
"13",28896990,"C","T","BRCA1/2","BRCA1/2"
"14",45645312,"G","A","BRCA1/2","BRCA1/2"
"16",396603,"C","T","BRCA1/2","BRCA1/2"
"16",3790380,"T","C","BRCA1/2","BRCA1/2"
"16",9857785,"G","A","BRCA1/2","BRCA1/2"
"16",9858615,"G","A","BRCA1/2","BRCA1/2"
"16",48201483,"C","T","BRCA1/2","BRCA1/2"
"16",48210868,"C","T","BRCA1/2","BRCA1/2"
"16",89849483,"G","A","BRCA1/2","BRCA1/2"
"17",7577123,"A","T","BRCA1/2","BRCA1/2"
"17",7577511,"A","G","BRCA1/2","BRCA1/2"
"17",8108588,"C","T","BRCA1/2","BRCA1/2"
"17",17131205,"C","T","BRCA1/2","BRCA1/2"
"17",37619172,"C","T","BRCA1/2","BRCA1/2"
"17",37627318,"T","A","BRCA1/2","BRCA1/2"
"17",40489795,"C","A","BRCA1/2","BRCA1/2"
"19",1226408,"G","C","BRCA1/2","BRCA1/2"
"19",11099907,"C","T","BRCA1/2","BRCA1/2"
"19",11138638,"C","G","BRCA1/2","BRCA1/2"
"1",23208926,"G","T","BRCA1/2","BRCA1/2"
"1",175067569,"C","A","BRCA1/2","BRCA1/2"
"2",25463524,"G","A","BRCA1/2","BRCA1/2"
"2",25464537,"C","T","BRCA1/2","BRCA1/2"
"2",51254824,"G","A","BRCA1/2","BRCA1/2"
"3",142215151,"T","C","BRCA1/2","BRCA1/2"
"8",51449369,"G","A","BRCA1/2","BRCA1/2"
"11",533756,"C","T","BRCA1/2","BRCA1/2"
"19",11170615,"C","G","BRCA1/2","BRCA1/2"
"1",23232479,"G","T","BRCA1/2","BRCA1/2"
"2",141459716,"G","C","BRCA1/2","BRCA1/2"
"2",212570064,"G","T","BRCA1/2","BRCA1/2"
"2",225422600,"C","A","BRCA1/2","BRCA1/2"
"3",71247572,"A","G","BRCA1/2","BRCA1/2"
"4",55136537,"C","T","BRCA1/2","BRCA1/2"
"5",138223109,"G","C","BRCA1/2","BRCA1/2"
"5",150889748,"G","T","BRCA1/2","BRCA1/2"
"5",150923951,"G","A","BRCA1/2","BRCA1/2"
"7",2962880,"G","T","BRCA1/2","BRCA1/2"
"7",55249071,"C","T","BRCA1/2","BRCA1/2"
"7",55259515,"T","G","BRCA1/2","BRCA1/2"
"7",128845141,"G","C","BRCA1/2","BRCA1/2"
"9",5457175,"T","C","BRCA1/2","BRCA1/2"
"11",77961343,"G","T","BRCA1/2","BRCA1/2"
"12",12029858,"A","C","BRCA1/2","BRCA1/2"
"13",26967489,"C","T","BRCA1/2","BRCA1/2"
"14",95571635,"G","A","BRCA1/2","BRCA1/2"
"16",3641259,"C","T","BRCA1/2","BRCA1/2"
"16",9943587,"C","T","BRCA1/2","BRCA1/2"
"16",72984485,"G","A","BRCA1/2","BRCA1/2"
"16",89862318,"C","T","BRCA1/2","BRCA1/2"
"17",29533399,"A","G","BRCA1/2","BRCA1/2"
"X",47032471,"G","T","BRCA1/2","BRCA1/2"
"X",47044719,"C","T","BRCA1/2","BRCA1/2"
"1",11190595,"C","T","MKH3_MSH6_PMS1_PMS2","MKH3_MSH6_PMS1_PMS2"
"1",16459821,"G","A","MKH3_MSH6_PMS1_PMS2","MKH3_MSH6_PMS1_PMS2"
"1",23219334,"A","G","MKH3_MSH6_PMS1_PMS2","MKH3_MSH6_PMS1_PMS2"
"1",43805559,"G","C","MKH3_MSH6_PMS1_PMS2","MKH3_MSH6_PMS1_PMS2"
"1",45297968,"A","G","MKH3_MSH6_PMS1_PMS2","MKH3_MSH6_PMS1_PMS2"
"1",203154356,"C","T","MKH3_MSH6_PMS1_PMS2","MKH3_MSH6_PMS1_PMS2"
"3",10091252,"A","C","MKH3_MSH6_PMS1_PMS2","MKH3_MSH6_PMS1_PMS2"
"3",10091261,"G","A","MKH3_MSH6_PMS1_PMS2","MKH3_MSH6_PMS1_PMS2"
"3",41266101,"C","G","MKH3_MSH6_PMS1_PMS2","MKH3_MSH6_PMS1_PMS2"
"3",41266157,"C","G","MKH3_MSH6_PMS1_PMS2","MKH3_MSH6_PMS1_PMS2"
"4",87643440,"G","A","MKH3_MSH6_PMS1_PMS2","MKH3_MSH6_PMS1_PMS2"
"5",121758602,"T","C","MKH3_MSH6_PMS1_PMS2","MKH3_MSH6_PMS1_PMS2"
"5",149512332,"G","A","MKH3_MSH6_PMS1_PMS2","MKH3_MSH6_PMS1_PMS2"
"5",149513108,"G","A","MKH3_MSH6_PMS1_PMS2","MKH3_MSH6_PMS1_PMS2"
"5",180037130,"G","A","MKH3_MSH6_PMS1_PMS2","MKH3_MSH6_PMS1_PMS2"
"6",157099432,"G","A","MKH3_MSH6_PMS1_PMS2","MKH3_MSH6_PMS1_PMS2"
"7",40027616,"C","T","MKH3_MSH6_PMS1_PMS2","MKH3_MSH6_PMS1_PMS2"
"8",38274887,"T","C","MKH3_MSH6_PMS1_PMS2","MKH3_MSH6_PMS1_PMS2"
"9",21971090,"A","G","MKH3_MSH6_PMS1_PMS2","MKH3_MSH6_PMS1_PMS2"
"9",36966574,"G","A","MKH3_MSH6_PMS1_PMS2","MKH3_MSH6_PMS1_PMS2"
"9",133760464,"C","T","MKH3_MSH6_PMS1_PMS2","MKH3_MSH6_PMS1_PMS2"
"9",139399445,"G","A","MKH3_MSH6_PMS1_PMS2","MKH3_MSH6_PMS1_PMS2"
"9",139408036,"G","A","MKH3_MSH6_PMS1_PMS2","MKH3_MSH6_PMS1_PMS2"
"9",139411725,"C","T","MKH3_MSH6_PMS1_PMS2","MKH3_MSH6_PMS1_PMS2"
"10",114917776,"C","G","MKH3_MSH6_PMS1_PMS2","MKH3_MSH6_PMS1_PMS2"
"11",320639,"C","T","MKH3_MSH6_PMS1_PMS2","MKH3_MSH6_PMS1_PMS2"
"11",60230075,"C","T","MKH3_MSH6_PMS1_PMS2","MKH3_MSH6_PMS1_PMS2"
"11",95725207,"A","G","MKH3_MSH6_PMS1_PMS2","MKH3_MSH6_PMS1_PMS2"
"12",49421502,"A","G","MKH3_MSH6_PMS1_PMS2","MKH3_MSH6_PMS1_PMS2"
"12",49445725,"T","C","MKH3_MSH6_PMS1_PMS2","MKH3_MSH6_PMS1_PMS2"
"12",121434294,"G","T","MKH3_MSH6_PMS1_PMS2","MKH3_MSH6_PMS1_PMS2"
"13",32972800,"C","T","MKH3_MSH6_PMS1_PMS2","MKH3_MSH6_PMS1_PMS2"
"14",38060668,"T","C","MKH3_MSH6_PMS1_PMS2","MKH3_MSH6_PMS1_PMS2"
"14",102605575,"G","T","MKH3_MSH6_PMS1_PMS2","MKH3_MSH6_PMS1_PMS2"
"14",102605623,"C","T","MKH3_MSH6_PMS1_PMS2","MKH3_MSH6_PMS1_PMS2"
"16",3900336,"C","T","MKH3_MSH6_PMS1_PMS2","MKH3_MSH6_PMS1_PMS2"
"16",72829404,"C","T","MKH3_MSH6_PMS1_PMS2","MKH3_MSH6_PMS1_PMS2"
"16",89811413,"G","A","MKH3_MSH6_PMS1_PMS2","MKH3_MSH6_PMS1_PMS2"
"17",12913896,"A","G","MKH3_MSH6_PMS1_PMS2","MKH3_MSH6_PMS1_PMS2"
"17",29527632,"C","A","MKH3_MSH6_PMS1_PMS2","MKH3_MSH6_PMS1_PMS2"
"17",37882110,"C","T","MKH3_MSH6_PMS1_PMS2","MKH3_MSH6_PMS1_PMS2"
"17",38498995,"T","A","MKH3_MSH6_PMS1_PMS2","MKH3_MSH6_PMS1_PMS2"
"17",40486040,"A","C","MKH3_MSH6_PMS1_PMS2","MKH3_MSH6_PMS1_PMS2"
"17",56770224,"G","A","MKH3_MSH6_PMS1_PMS2","MKH3_MSH6_PMS1_PMS2"
"17",63533865,"C","T","MKH3_MSH6_PMS1_PMS2","MKH3_MSH6_PMS1_PMS2"
"19",15359548,"C","T","MKH3_MSH6_PMS1_PMS2","MKH3_MSH6_PMS1_PMS2"
"19",50906306,"G","A","MKH3_MSH6_PMS1_PMS2","MKH3_MSH6_PMS1_PMS2"
"19",50909651,"C","G","MKH3_MSH6_PMS1_PMS2","MKH3_MSH6_PMS1_PMS2"
"19",50909779,"C","T","MKH3_MSH6_PMS1_PMS2","MKH3_MSH6_PMS1_PMS2"
"19",50912507,"T","C","MKH3_MSH6_PMS1_PMS2","MKH3_MSH6_PMS1_PMS2"
"22",41565528,"C","T","MKH3_MSH6_PMS1_PMS2","MKH3_MSH6_PMS1_PMS2"
"3",10091252,"A","C","BRCA1/2","BRCA1/2"
"3",10091261,"G","A","BRCA1/2","BRCA1/2"
"3",155643191,"T","C","BRCA1/2","BRCA1/2"
"5",38953665,"G","A","BRCA1/2","BRCA1/2"
"5",170837513,"C","T","BRCA1/2","BRCA1/2"
"7",140482263,"C","A","BRCA1/2","BRCA1/2"
"11",32451993,"A","G","BRCA1/2","BRCA1/2"
"11",32451999,"A","G","BRCA1/2","BRCA1/2"
"11",32452003,"A","G","BRCA1/2","BRCA1/2"
"12",12036210,"C","T","BRCA1/2","BRCA1/2"
"14",95571635,"G","A","BRCA1/2","BRCA1/2"
"1",27099534,"T","A","BRCA1/2","BRCA1/2"
"2",29473966,"C","T","BRCA1/2","BRCA1/2"
"2",141004710,"G","A","BRCA1/2","BRCA1/2"
"4",89052296,"T","C","BRCA1/2","BRCA1/2"
"5",176721712,"C","A","BRCA1/2","BRCA1/2"
"7",6043318,"C","T","BRCA1/2","BRCA1/2"
"7",55259515,"T","G","BRCA1/2","BRCA1/2"
"7",116417510,"G","T","BRCA1/2","BRCA1/2"
"12",459801,"G","T","BRCA1/2","BRCA1/2"
"14",75485568,"C","T","BRCA1/2","BRCA1/2"
"22",24135889,"G","A","BRCA1/2","BRCA1/2"
"X",47426710,"G","T","BRCA1/2","BRCA1/2"
"X",53227769,"G","A","BRCA1/2","BRCA1/2"
"X",76939525,"G","T","BRCA1/2","BRCA1/2"
"7",151859682,"C","T","BRCA1/2","BRCA1/2"
"20",54963149,"C","A","BRCA1/2","BRCA1/2"
"1",32796223,"C","G","BRCA1/2","BRCA1/2"
"1",43814615,"C","A","BRCA1/2","BRCA1/2"
"1",45798137,"G","A","BRCA1/2","BRCA1/2"
"3",41280691,"T","C","BRCA1/2","BRCA1/2"
"3",142215147,"T","C","BRCA1/2","BRCA1/2"
"5",80064765,"A","G","BRCA1/2","BRCA1/2"
"11",108124762,"C","T","BRCA1/2","BRCA1/2"
"12",25398285,"C","A","BRCA1/2","BRCA1/2"
"13",32893463,"G","A","BRCA1/2","BRCA1/2"
"15",45007636,"A","C","BRCA1/2","BRCA1/2"
"16",9892266,"C","A","BRCA1/2","BRCA1/2"
"1",40366883,"G","A","MKH3_MSH6_PMS1_PMS2","MKH3_MSH6_PMS1_PMS2"
"2",141359029,"C","T","MKH3_MSH6_PMS1_PMS2","MKH3_MSH6_PMS1_PMS2"
"3",71014962,"G","C","MKH3_MSH6_PMS1_PMS2","MKH3_MSH6_PMS1_PMS2"
"4",55134410,"G","A","MKH3_MSH6_PMS1_PMS2","MKH3_MSH6_PMS1_PMS2"
"4",66230853,"G","A","MKH3_MSH6_PMS1_PMS2","MKH3_MSH6_PMS1_PMS2"
"4",84393399,"C","T","MKH3_MSH6_PMS1_PMS2","MKH3_MSH6_PMS1_PMS2"
"5",150923052,"C","A","MKH3_MSH6_PMS1_PMS2","MKH3_MSH6_PMS1_PMS2"
"5",170815035,"G","A","MKH3_MSH6_PMS1_PMS2","MKH3_MSH6_PMS1_PMS2"
"6",32188253,"G","C","MKH3_MSH6_PMS1_PMS2","MKH3_MSH6_PMS1_PMS2"
"6",157528194,"G","A","MKH3_MSH6_PMS1_PMS2","MKH3_MSH6_PMS1_PMS2"
"7",1937916,"G","C","MKH3_MSH6_PMS1_PMS2","MKH3_MSH6_PMS1_PMS2"
"7",142563805,"G","A","MKH3_MSH6_PMS1_PMS2","MKH3_MSH6_PMS1_PMS2"
"7",151836846,"C","T","MKH3_MSH6_PMS1_PMS2","MKH3_MSH6_PMS1_PMS2"
"12",25398285,"C","A","MKH3_MSH6_PMS1_PMS2","MKH3_MSH6_PMS1_PMS2"
"12",49437090,"G","C","MKH3_MSH6_PMS1_PMS2","MKH3_MSH6_PMS1_PMS2"
"12",108604076,"C","A","MKH3_MSH6_PMS1_PMS2","MKH3_MSH6_PMS1_PMS2"
"12",124862669,"G","A","MKH3_MSH6_PMS1_PMS2","MKH3_MSH6_PMS1_PMS2"
"13",26975486,"T","G","MKH3_MSH6_PMS1_PMS2","MKH3_MSH6_PMS1_PMS2"
"14",75515091,"T","A","MKH3_MSH6_PMS1_PMS2","MKH3_MSH6_PMS1_PMS2"
"15",99492033,"C","T","MKH3_MSH6_PMS1_PMS2","MKH3_MSH6_PMS1_PMS2"
"16",89874745,"G","C","MKH3_MSH6_PMS1_PMS2","MKH3_MSH6_PMS1_PMS2"
"17",7577058,"C","A","MKH3_MSH6_PMS1_PMS2","MKH3_MSH6_PMS1_PMS2"
"17",38569187,"C","T","MKH3_MSH6_PMS1_PMS2","MKH3_MSH6_PMS1_PMS2"
"18",18550475,"C","G","MKH3_MSH6_PMS1_PMS2","MKH3_MSH6_PMS1_PMS2"
"18",18586503,"C","T","MKH3_MSH6_PMS1_PMS2","MKH3_MSH6_PMS1_PMS2"
"19",11170836,"C","T","MKH3_MSH6_PMS1_PMS2","MKH3_MSH6_PMS1_PMS2"
"19",15350392,"C","G","MKH3_MSH6_PMS1_PMS2","MKH3_MSH6_PMS1_PMS2"
"19",15350581,"C","A","MKH3_MSH6_PMS1_PMS2","MKH3_MSH6_PMS1_PMS2"
"20",35661072,"C","A","MKH3_MSH6_PMS1_PMS2","MKH3_MSH6_PMS1_PMS2"
"21",36259095,"C","A","MKH3_MSH6_PMS1_PMS2","MKH3_MSH6_PMS1_PMS2"
"21",36259214,"C","T","MKH3_MSH6_PMS1_PMS2","MKH3_MSH6_PMS1_PMS2"
"21",42870813,"G","C","MKH3_MSH6_PMS1_PMS2","MKH3_MSH6_PMS1_PMS2"
"X",123197842,"C","T","MKH3_MSH6_PMS1_PMS2","MKH3_MSH6_PMS1_PMS2"
"2",25463289,"T","C","BRCA1/2","BRCA1/2"
"2",25469949,"A","C","BRCA1/2","BRCA1/2"
"2",240048114,"C","T","BRCA1/2","BRCA1/2"
"4",153247288,"C","T","BRCA1/2","BRCA1/2"
"6",33287900,"C","T","BRCA1/2","BRCA1/2"
"6",117649137,"C","T","BRCA1/2","BRCA1/2"
"17",7578449,"C","T","BRCA1/2","BRCA1/2"
"7",140434586,"G","A","MKH3_MSH6_PMS1_PMS2","MKH3_MSH6_PMS1_PMS2"
"12",31944864,"G","T","MKH3_MSH6_PMS1_PMS2","MKH3_MSH6_PMS1_PMS2"
"1",23111587,"G","A","MKH3_MSH6_PMS1_PMS2","MKH3_MSH6_PMS1_PMS2"
"1",182555334,"C","T","MKH3_MSH6_PMS1_PMS2","MKH3_MSH6_PMS1_PMS2"
"2",47639685,"G","A","MKH3_MSH6_PMS1_PMS2","MKH3_MSH6_PMS1_PMS2"
"2",141259507,"G","A","MKH3_MSH6_PMS1_PMS2","MKH3_MSH6_PMS1_PMS2"
"2",141359062,"C","T","MKH3_MSH6_PMS1_PMS2","MKH3_MSH6_PMS1_PMS2"
"2",191850385,"T","G","MKH3_MSH6_PMS1_PMS2","MKH3_MSH6_PMS1_PMS2"
"4",55139810,"G","A","MKH3_MSH6_PMS1_PMS2","MKH3_MSH6_PMS1_PMS2"
"4",66217311,"G","T","MKH3_MSH6_PMS1_PMS2","MKH3_MSH6_PMS1_PMS2"
"5",80071572,"T","C","MKH3_MSH6_PMS1_PMS2","MKH3_MSH6_PMS1_PMS2"
"6",117638491,"G","A","MKH3_MSH6_PMS1_PMS2","MKH3_MSH6_PMS1_PMS2"
"6",117649297,"C","T","MKH3_MSH6_PMS1_PMS2","MKH3_MSH6_PMS1_PMS2"
"6",117652579,"C","A","MKH3_MSH6_PMS1_PMS2","MKH3_MSH6_PMS1_PMS2"
"7",55242349,"C","T","MKH3_MSH6_PMS1_PMS2","MKH3_MSH6_PMS1_PMS2"
"7",140497533,"C","T","MKH3_MSH6_PMS1_PMS2","MKH3_MSH6_PMS1_PMS2"
"7",151949249,"G","A","MKH3_MSH6_PMS1_PMS2","MKH3_MSH6_PMS1_PMS2"
"8",48744358,"C","T","MKH3_MSH6_PMS1_PMS2","MKH3_MSH6_PMS1_PMS2"
"8",69445374,"G","A","MKH3_MSH6_PMS1_PMS2","MKH3_MSH6_PMS1_PMS2"
"8",108334254,"T","C","MKH3_MSH6_PMS1_PMS2","MKH3_MSH6_PMS1_PMS2"
"8",118834869,"G","A","MKH3_MSH6_PMS1_PMS2","MKH3_MSH6_PMS1_PMS2"
"8",128751083,"C","T","MKH3_MSH6_PMS1_PMS2","MKH3_MSH6_PMS1_PMS2"
"9",8486249,"G","A","MKH3_MSH6_PMS1_PMS2","MKH3_MSH6_PMS1_PMS2"
"9",93650783,"C","T","MKH3_MSH6_PMS1_PMS2","MKH3_MSH6_PMS1_PMS2"
"9",101594245,"G","A","MKH3_MSH6_PMS1_PMS2","MKH3_MSH6_PMS1_PMS2"
"9",139412180,"C","G","MKH3_MSH6_PMS1_PMS2","MKH3_MSH6_PMS1_PMS2"
"10",96535189,"G","A","MKH3_MSH6_PMS1_PMS2","MKH3_MSH6_PMS1_PMS2"
"11",76234436,"G","A","MKH3_MSH6_PMS1_PMS2","MKH3_MSH6_PMS1_PMS2"
"11",119103429,"T","A","MKH3_MSH6_PMS1_PMS2","MKH3_MSH6_PMS1_PMS2"
"12",56480228,"C","T","MKH3_MSH6_PMS1_PMS2","MKH3_MSH6_PMS1_PMS2"
"15",101938686,"C","T","MKH3_MSH6_PMS1_PMS2","MKH3_MSH6_PMS1_PMS2"
"16",50826545,"G","C","MKH3_MSH6_PMS1_PMS2","MKH3_MSH6_PMS1_PMS2"
"17",29664411,"C","G","MKH3_MSH6_PMS1_PMS2","MKH3_MSH6_PMS1_PMS2"
"17",37673799,"G","A","MKH3_MSH6_PMS1_PMS2","MKH3_MSH6_PMS1_PMS2"
"17",37681149,"G","A","MKH3_MSH6_PMS1_PMS2","MKH3_MSH6_PMS1_PMS2"
"17",58701018,"G","A","MKH3_MSH6_PMS1_PMS2","MKH3_MSH6_PMS1_PMS2"
"18",61323375,"G","A","MKH3_MSH6_PMS1_PMS2","MKH3_MSH6_PMS1_PMS2"
"X",44918622,"C","T","MKH3_MSH6_PMS1_PMS2","MKH3_MSH6_PMS1_PMS2"
"2",225422600,"C","A","MKH3_MSH6_PMS1_PMS2","MKH3_MSH6_PMS1_PMS2"
"3",142215145,"T","C","MKH3_MSH6_PMS1_PMS2","MKH3_MSH6_PMS1_PMS2"
"9",135786986,"A","T","MKH3_MSH6_PMS1_PMS2","MKH3_MSH6_PMS1_PMS2"
"1",11187852,"C","G","MKH3_MSH6_PMS1_PMS2","MKH3_MSH6_PMS1_PMS2"
"2",225339063,"G","T","MKH3_MSH6_PMS1_PMS2","MKH3_MSH6_PMS1_PMS2"
"4",55134776,"T","A","MKH3_MSH6_PMS1_PMS2","MKH3_MSH6_PMS1_PMS2"
"5",176522615,"A","G","MKH3_MSH6_PMS1_PMS2","MKH3_MSH6_PMS1_PMS2"
"7",87174230,"G","A","MKH3_MSH6_PMS1_PMS2","MKH3_MSH6_PMS1_PMS2"
"16",3781216,"G","A","MKH3_MSH6_PMS1_PMS2","MKH3_MSH6_PMS1_PMS2"
"20",57478726,"G","C","MKH3_MSH6_PMS1_PMS2","MKH3_MSH6_PMS1_PMS2"
"1",19062402,"G","A","BRCA1/2","BRCA1/2"
"1",23111434,"T","A","BRCA1/2","BRCA1/2"
"1",78432511,"A","G","BRCA1/2","BRCA1/2"
"1",161514696,"A","G","BRCA1/2","BRCA1/2"
"2",25457363,"C","T","BRCA1/2","BRCA1/2"
"2",128051273,"C","G","BRCA1/2","BRCA1/2"
"2",141004784,"A","G","BRCA1/2","BRCA1/2"
"2",225379272,"G","A","BRCA1/2","BRCA1/2"
"3",9032350,"T","C","BRCA1/2","BRCA1/2"
"3",138431162,"C","T","BRCA1/2","BRCA1/2"
"3",178936082,"G","A","BRCA1/2","BRCA1/2"
"4",55144487,"T","C","BRCA1/2","BRCA1/2"
"4",187541242,"C","T","BRCA1/2","BRCA1/2"
"5",56178355,"G","A","BRCA1/2","BRCA1/2"
"5",149453030,"C","G","BRCA1/2","BRCA1/2"
"5",180048972,"C","A","BRCA1/2","BRCA1/2"
"6",44221125,"T","A","BRCA1/2","BRCA1/2"
"6",117715476,"T","C","BRCA1/2","BRCA1/2"
"6",157522274,"G","A","BRCA1/2","BRCA1/2"
"7",82581748,"C","A","BRCA1/2","BRCA1/2"
"7",92404016,"G","C","BRCA1/2","BRCA1/2"
"7",140487748,"C","T","BRCA1/2","BRCA1/2"
"8",2832031,"G","A","BRCA1/2","BRCA1/2"
"8",103266680,"G","C","BRCA1/2","BRCA1/2"
"9",5072394,"T","C","BRCA1/2","BRCA1/2"
"9",80646125,"G","A","BRCA1/2","BRCA1/2"
"9",97873474,"C","T","BRCA1/2","BRCA1/2"
"9",101608452,"A","G","BRCA1/2","BRCA1/2"
"10",43615664,"G","A","BRCA1/2","BRCA1/2"
"10",123239709,"C","G","BRCA1/2","BRCA1/2"
"11",61205123,"A","G","BRCA1/2","BRCA1/2"
"11",108165606,"C","T","BRCA1/2","BRCA1/2"
"11",119155706,"A","G","BRCA1/2","BRCA1/2"
"12",493372,"T","C","BRCA1/2","BRCA1/2"
"12",12033391,"G","C","BRCA1/2","BRCA1/2"
"12",49434991,"G","A","BRCA1/2","BRCA1/2"
"12",115120540,"G","A","BRCA1/2","BRCA1/2"
"12",133257180,"G","T","BRCA1/2","BRCA1/2"
"13",28919631,"G","A","BRCA1/2","BRCA1/2"
"13",48922053,"A","T","BRCA1/2","BRCA1/2"
"14",95570378,"C","G","BRCA1/2","BRCA1/2"
"16",348142,"C","G","BRCA1/2","BRCA1/2"
"16",2123009,"G","A","BRCA1/2","BRCA1/2"
"16",2124163,"G","A","BRCA1/2","BRCA1/2"
"16",3644603,"G","C","BRCA1/2","BRCA1/2"
"16",48234330,"C","T","BRCA1/2","BRCA1/2"
"16",72984310,"G","A","BRCA1/2","BRCA1/2"
"17",7579825,"A","G","BRCA1/2","BRCA1/2"
"17",12013628,"A","G","BRCA1/2","BRCA1/2"
"17",17120475,"G","A","BRCA1/2","BRCA1/2"
"17",41203179,"G","A","BRCA1/2","BRCA1/2"
"19",33793129,"G","T","BRCA1/2","BRCA1/2"
"19",42793502,"C","T","BRCA1/2","BRCA1/2"
"21",42871415,"A","G","BRCA1/2","BRCA1/2"
"22",24175888,"G","A","BRCA1/2","BRCA1/2"
"22",29121019,"G","A","BRCA1/2","BRCA1/2"
"X",70356549,"C","G","BRCA1/2","BRCA1/2"
"X",100612570,"T","C","BRCA1/2","BRCA1/2"
"X",123184178,"A","T","BRCA1/2","BRCA1/2"
"2",25459821,"T","C","BRCA1/2","BRCA1/2"
"2",128047483,"G","A","BRCA1/2","BRCA1/2"
"2",141027815,"A","T","BRCA1/2","BRCA1/2"
"2",141459924,"G","A","BRCA1/2","BRCA1/2"
"6",117725442,"C","A","BRCA1/2","BRCA1/2"
"7",6045691,"C","G","BRCA1/2","BRCA1/2"
"7",6048776,"G","T","BRCA1/2","BRCA1/2"
"7",39990976,"G","A","BRCA1/2","BRCA1/2"
"10",88659557,"C","T","BRCA1/2","BRCA1/2"
"11",1251800,"G","A","BRCA1/2","BRCA1/2"
"12",115114036,"C","A","BRCA1/2","BRCA1/2"
"16",2121791,"A","G","BRCA1/2","BRCA1/2"
"17",7577534,"C","A","BRCA1/2","BRCA1/2"
"17",59820382,"C","A","BRCA1/2","BRCA1/2"
"19",11492614,"T","C","BRCA1/2","BRCA1/2"
"22",41556599,"T","G","BRCA1/2","BRCA1/2"
"15",88799432,"T","G","MKH3_MSH6_PMS1_PMS2","MKH3_MSH6_PMS1_PMS2"
"2",61709747,"G","T","BRCA1/2","BRCA1/2"
"5",112157613,"C","T","BRCA1/2","BRCA1/2"
"7",55259515,"T","G","BRCA1/2","BRCA1/2"
"7",140434586,"G","A","BRCA1/2","BRCA1/2"
"10",114710760,"A","C","BRCA1/2","BRCA1/2"
"12",130184758,"G","A","BRCA1/2","BRCA1/2"
"16",1823713,"G","A","BRCA1/2","BRCA1/2"
"17",29665674,"T","A","BRCA1/2","BRCA1/2"
"1",3607481,"C","T","MKH3_MSH6_PMS1_PMS2","MKH3_MSH6_PMS1_PMS2"
"1",51439772,"G","A","MKH3_MSH6_PMS1_PMS2","MKH3_MSH6_PMS1_PMS2"
"1",248027981,"C","T","MKH3_MSH6_PMS1_PMS2","MKH3_MSH6_PMS1_PMS2"
"2",113258832,"A","G","MKH3_MSH6_PMS1_PMS2","MKH3_MSH6_PMS1_PMS2"
"5",149497358,"C","T","MKH3_MSH6_PMS1_PMS2","MKH3_MSH6_PMS1_PMS2"
"7",33296940,"C","T","MKH3_MSH6_PMS1_PMS2","MKH3_MSH6_PMS1_PMS2"
"7",55224190,"A","G","MKH3_MSH6_PMS1_PMS2","MKH3_MSH6_PMS1_PMS2"
"7",87179758,"T","A","MKH3_MSH6_PMS1_PMS2","MKH3_MSH6_PMS1_PMS2"
"9",37002557,"C","T","MKH3_MSH6_PMS1_PMS2","MKH3_MSH6_PMS1_PMS2"
"9",135786986,"A","T","MKH3_MSH6_PMS1_PMS2","MKH3_MSH6_PMS1_PMS2"
"11",118376655,"C","G","MKH3_MSH6_PMS1_PMS2","MKH3_MSH6_PMS1_PMS2"
"12",49436624,"G","A","MKH3_MSH6_PMS1_PMS2","MKH3_MSH6_PMS1_PMS2"
"13",110437376,"G","C","MKH3_MSH6_PMS1_PMS2","MKH3_MSH6_PMS1_PMS2"
"16",3830717,"C","A","MKH3_MSH6_PMS1_PMS2","MKH3_MSH6_PMS1_PMS2"
"16",48264494,"G","A","MKH3_MSH6_PMS1_PMS2","MKH3_MSH6_PMS1_PMS2"
"17",7579312,"C","A","MKH3_MSH6_PMS1_PMS2","MKH3_MSH6_PMS1_PMS2"
"21",36231825,"C","T","MKH3_MSH6_PMS1_PMS2","MKH3_MSH6_PMS1_PMS2"
"1",179089442,"C","G","BRCA1/2","BRCA1/2"
"2",198363406,"C","T","BRCA1/2","BRCA1/2"
"6",32184971,"C","A","BRCA1/2","BRCA1/2"
"7",140434607,"G","A","BRCA1/2","BRCA1/2"
"7",142563706,"G","A","BRCA1/2","BRCA1/2"
"17",7578260,"C","T","BRCA1/2","BRCA1/2"
"18",48591931,"G","A","BRCA1/2","BRCA1/2"
"2",29448135,"G","A","MKH3_MSH6_PMS1_PMS2","MKH3_MSH6_PMS1_PMS2"
"4",143045950,"A","G","MKH3_MSH6_PMS1_PMS2","MKH3_MSH6_PMS1_PMS2"
"5",112177775,"A","G","MKH3_MSH6_PMS1_PMS2","MKH3_MSH6_PMS1_PMS2"
"5",176721719,"T","C","MKH3_MSH6_PMS1_PMS2","MKH3_MSH6_PMS1_PMS2"
"7",140491081,"G","A","MKH3_MSH6_PMS1_PMS2","MKH3_MSH6_PMS1_PMS2"
"7",151962055,"C","T","MKH3_MSH6_PMS1_PMS2","MKH3_MSH6_PMS1_PMS2"
"9",35078227,"G","A","MKH3_MSH6_PMS1_PMS2","MKH3_MSH6_PMS1_PMS2"
"9",98209410,"G","A","MKH3_MSH6_PMS1_PMS2","MKH3_MSH6_PMS1_PMS2"
"9",136916707,"G","A","MKH3_MSH6_PMS1_PMS2","MKH3_MSH6_PMS1_PMS2"
"9",139391403,"C","T","MKH3_MSH6_PMS1_PMS2","MKH3_MSH6_PMS1_PMS2"
"10",123355707,"A","G","MKH3_MSH6_PMS1_PMS2","MKH3_MSH6_PMS1_PMS2"
"17",38792637,"C","G","MKH3_MSH6_PMS1_PMS2","MKH3_MSH6_PMS1_PMS2"
"19",42791047,"C","T","MKH3_MSH6_PMS1_PMS2","MKH3_MSH6_PMS1_PMS2"
"22",21288201,"T","G","MKH3_MSH6_PMS1_PMS2","MKH3_MSH6_PMS1_PMS2"
"1",241667533,"A","G","BRCA1/2","BRCA1/2"
"2",141816685,"A","G","BRCA1/2","BRCA1/2"
"6",32171978,"T","G","BRCA1/2","BRCA1/2"
"11",108124670,"C","G","BRCA1/2","BRCA1/2"
"11",119146687,"C","T","BRCA1/2","BRCA1/2"
"12",12028304,"G","A","BRCA1/2","BRCA1/2"
"12",18793502,"A","G","BRCA1/2","BRCA1/2"
"14",102551805,"C","G","BRCA1/2","BRCA1/2"
"17",59821817,"C","T","BRCA1/2","BRCA1/2"
"20",36028566,"G","A","BRCA1/2","BRCA1/2"
"22",41533601,"A","G","BRCA1/2","BRCA1/2"
"1",40367385,"G","A","BRCA1/2","BRCA1/2"
"3",142215151,"T","C","BRCA1/2","BRCA1/2"
"4",106156480,"C","T","BRCA1/2","BRCA1/2"
"5",150901071,"C","T","BRCA1/2","BRCA1/2"
"6",30858733,"T","C","BRCA1/2","BRCA1/2"
"7",81386513,"G","A","BRCA1/2","BRCA1/2"
"7",124503691,"G","C","BRCA1/2","BRCA1/2"
"7",140434586,"G","A","BRCA1/2","BRCA1/2"
"7",151962055,"C","T","BRCA1/2","BRCA1/2"
"8",38318447,"G","A","BRCA1/2","BRCA1/2"
"8",51449271,"C","T","BRCA1/2","BRCA1/2"
"12",56491645,"G","T","BRCA1/2","BRCA1/2"
"13",32914601,"G","A","BRCA1/2","BRCA1/2"
"17",7578479,"G","A","BRCA1/2","BRCA1/2"
"X",76953056,"T","G","BRCA1/2","BRCA1/2"
"1",161479827,"G","A","BRCA1/2","BRCA1/2"
"1",182555716,"C","A","BRCA1/2","BRCA1/2"
"2",240036753,"C","G","BRCA1/2","BRCA1/2"
"3",38180252,"C","T","BRCA1/2","BRCA1/2"
"4",55976899,"G","A","BRCA1/2","BRCA1/2"
"4",143226744,"G","C","BRCA1/2","BRCA1/2"
"5",35860900,"C","T","BRCA1/2","BRCA1/2"
"5",176675415,"G","A","BRCA1/2","BRCA1/2"
"5",176721400,"C","T","BRCA1/2","BRCA1/2"
"5",176721490,"C","T","BRCA1/2","BRCA1/2"
"6",26158602,"G","A","BRCA1/2","BRCA1/2"
"6",117654096,"G","A","BRCA1/2","BRCA1/2"
"7",55237953,"C","T","BRCA1/2","BRCA1/2"
"7",55259524,"T","A","BRCA1/2","BRCA1/2"
"7",55268043,"C","T","BRCA1/2","BRCA1/2"
"7",105188932,"G","T","BRCA1/2","BRCA1/2"
"7",151884933,"C","T","BRCA1/2","BRCA1/2"
"8",90995169,"G","A","BRCA1/2","BRCA1/2"
"9",21972482,"G","A","BRCA1/2","BRCA1/2"
"10",8100725,"C","T","BRCA1/2","BRCA1/2"
"11",108164070,"G","A","BRCA1/2","BRCA1/2"
"12",6696678,"C","T","BRCA1/2","BRCA1/2"
"12",49445798,"C","A","BRCA1/2","BRCA1/2"
"12",71029777,"G","A","BRCA1/2","BRCA1/2"
"14",45665427,"C","T","BRCA1/2","BRCA1/2"
"14",75513237,"C","T","BRCA1/2","BRCA1/2"
"14",105246482,"C","T","BRCA1/2","BRCA1/2"
"15",88727469,"C","T","BRCA1/2","BRCA1/2"
"16",23652472,"C","T","BRCA1/2","BRCA1/2"
"16",30128217,"C","T","BRCA1/2","BRCA1/2"
"17",7578502,"A","C","BRCA1/2","BRCA1/2"
"17",8110469,"C","T","BRCA1/2","BRCA1/2"
"17",40485780,"G","C","BRCA1/2","BRCA1/2"
"17",41244426,"G","A","BRCA1/2","BRCA1/2"
"17",41244876,"G","A","BRCA1/2","BRCA1/2"
"17",41245061,"A","T","BRCA1/2","BRCA1/2"
"17",63533468,"C","T","BRCA1/2","BRCA1/2"
"19",11492653,"G","T","BRCA1/2","BRCA1/2"
"19",30303464,"T","A","BRCA1/2","BRCA1/2"
"19",30303484,"C","T","BRCA1/2","BRCA1/2"
"19",30308175,"G","A","BRCA1/2","BRCA1/2"
"19",30308206,"C","T","BRCA1/2","BRCA1/2"
"19",30308235,"G","A","BRCA1/2","BRCA1/2"
"19",30313105,"C","T","BRCA1/2","BRCA1/2"
"19",30313114,"G","A","BRCA1/2","BRCA1/2"
"19",30314648,"C","T","BRCA1/2","BRCA1/2"
"19",30314658,"C","T","BRCA1/2","BRCA1/2"
"19",30314680,"C","T","BRCA1/2","BRCA1/2"
"19",41765558,"C","G","BRCA1/2","BRCA1/2"
"X",66765910,"G","A","BRCA1/2","BRCA1/2"
"X",70361054,"C","G","BRCA1/2","BRCA1/2"
"X",100611190,"G","A","BRCA1/2","BRCA1/2"
"9",37006489,"T","A","BRCA1/2","BRCA1/2"
"9",139412299,"C","A","BRCA1/2","BRCA1/2"
"14",23549294,"C","G","BRCA1/2","BRCA1/2"
"15",99434510,"C","A","BRCA1/2","BRCA1/2"
"16",55516971,"T","G","BRCA1/2","BRCA1/2"
"17",7578394,"T","C","BRCA1/2","BRCA1/2"
"2",141130609,"T","C","MKH3_MSH6_PMS1_PMS2","MKH3_MSH6_PMS1_PMS2"
"4",55134756,"C","T","MKH3_MSH6_PMS1_PMS2","MKH3_MSH6_PMS1_PMS2"
"7",116339749,"C","T","MKH3_MSH6_PMS1_PMS2","MKH3_MSH6_PMS1_PMS2"
"12",46285562,"G","C","MKH3_MSH6_PMS1_PMS2","MKH3_MSH6_PMS1_PMS2"
"14",95557414,"C","A","MKH3_MSH6_PMS1_PMS2","MKH3_MSH6_PMS1_PMS2"
"14",104165894,"A","T","MKH3_MSH6_PMS1_PMS2","MKH3_MSH6_PMS1_PMS2"
"16",347956,"A","G","MKH3_MSH6_PMS1_PMS2","MKH3_MSH6_PMS1_PMS2"
"16",72821609,"G","A","MKH3_MSH6_PMS1_PMS2","MKH3_MSH6_PMS1_PMS2"
"17",7578457,"C","A","MKH3_MSH6_PMS1_PMS2","MKH3_MSH6_PMS1_PMS2"
"19",17943473,"G","A","MKH3_MSH6_PMS1_PMS2","MKH3_MSH6_PMS1_PMS2"
"1",51439625,"G","A","MKH3_MSH6_PMS1_PMS2","MKH3_MSH6_PMS1_PMS2"
"2",141232835,"C","A","MKH3_MSH6_PMS1_PMS2","MKH3_MSH6_PMS1_PMS2"
"4",1803172,"G","A","MKH3_MSH6_PMS1_PMS2","MKH3_MSH6_PMS1_PMS2"
"5",180035190,"G","A","MKH3_MSH6_PMS1_PMS2","MKH3_MSH6_PMS1_PMS2"
"7",55249071,"C","T","MKH3_MSH6_PMS1_PMS2","MKH3_MSH6_PMS1_PMS2"
"7",55259515,"T","G","MKH3_MSH6_PMS1_PMS2","MKH3_MSH6_PMS1_PMS2"
"11",124750364,"G","A","MKH3_MSH6_PMS1_PMS2","MKH3_MSH6_PMS1_PMS2"
"12",78401213,"C","T","MKH3_MSH6_PMS1_PMS2","MKH3_MSH6_PMS1_PMS2"
"15",88799159,"T","C","MKH3_MSH6_PMS1_PMS2","MKH3_MSH6_PMS1_PMS2"
"16",1823487,"G","A","MKH3_MSH6_PMS1_PMS2","MKH3_MSH6_PMS1_PMS2"
"17",37872145,"C","T","MKH3_MSH6_PMS1_PMS2","MKH3_MSH6_PMS1_PMS2"
"2",25467479,"A","T","BRCA1/2","BRCA1/2"
"2",225422600,"C","A","BRCA1/2","BRCA1/2"
"7",151962055,"C","T","BRCA1/2","BRCA1/2"
"X",47430640,"G","A","BRCA1/2","BRCA1/2"
"1",22965524,"G","A","MKH3_MSH6_PMS1_PMS2","MKH3_MSH6_PMS1_PMS2"
"2",25467072,"C","T","MKH3_MSH6_PMS1_PMS2","MKH3_MSH6_PMS1_PMS2"
"2",29519924,"C","A","MKH3_MSH6_PMS1_PMS2","MKH3_MSH6_PMS1_PMS2"
"2",141093263,"G","T","MKH3_MSH6_PMS1_PMS2","MKH3_MSH6_PMS1_PMS2"
"2",141122230,"C","A","MKH3_MSH6_PMS1_PMS2","MKH3_MSH6_PMS1_PMS2"
"4",187524793,"C","T","MKH3_MSH6_PMS1_PMS2","MKH3_MSH6_PMS1_PMS2"
"5",67591220,"G","C","MKH3_MSH6_PMS1_PMS2","MKH3_MSH6_PMS1_PMS2"
"5",180045854,"G","A","MKH3_MSH6_PMS1_PMS2","MKH3_MSH6_PMS1_PMS2"
"6",117648302,"G","A","MKH3_MSH6_PMS1_PMS2","MKH3_MSH6_PMS1_PMS2"
"6",117654358,"A","C","MKH3_MSH6_PMS1_PMS2","MKH3_MSH6_PMS1_PMS2"
"6",157099569,"G","A","MKH3_MSH6_PMS1_PMS2","MKH3_MSH6_PMS1_PMS2"
"6",157100049,"C","G","MKH3_MSH6_PMS1_PMS2","MKH3_MSH6_PMS1_PMS2"
"7",39990725,"C","G","MKH3_MSH6_PMS1_PMS2","MKH3_MSH6_PMS1_PMS2"
"7",140486550,"C","A","MKH3_MSH6_PMS1_PMS2","MKH3_MSH6_PMS1_PMS2"
"8",38321795,"A","T","MKH3_MSH6_PMS1_PMS2","MKH3_MSH6_PMS1_PMS2"
"8",69005799,"G","C","MKH3_MSH6_PMS1_PMS2","MKH3_MSH6_PMS1_PMS2"
"8",128750985,"C","T","MKH3_MSH6_PMS1_PMS2","MKH3_MSH6_PMS1_PMS2"
"10",114912189,"G","C","MKH3_MSH6_PMS1_PMS2","MKH3_MSH6_PMS1_PMS2"
"10",114925471,"C","T","MKH3_MSH6_PMS1_PMS2","MKH3_MSH6_PMS1_PMS2"
"11",533874,"T","A","MKH3_MSH6_PMS1_PMS2","MKH3_MSH6_PMS1_PMS2"
"11",108121846,"G","C","MKH3_MSH6_PMS1_PMS2","MKH3_MSH6_PMS1_PMS2"
"11",132180063,"C","T","MKH3_MSH6_PMS1_PMS2","MKH3_MSH6_PMS1_PMS2"
"12",133248859,"C","A","MKH3_MSH6_PMS1_PMS2","MKH3_MSH6_PMS1_PMS2"
"13",110435305,"C","T","MKH3_MSH6_PMS1_PMS2","MKH3_MSH6_PMS1_PMS2"
"13",110435323,"C","T","MKH3_MSH6_PMS1_PMS2","MKH3_MSH6_PMS1_PMS2"
"13",110436859,"G","A","MKH3_MSH6_PMS1_PMS2","MKH3_MSH6_PMS1_PMS2"
"16",1826178,"G","A","MKH3_MSH6_PMS1_PMS2","MKH3_MSH6_PMS1_PMS2"
"16",16110508,"C","T","MKH3_MSH6_PMS1_PMS2","MKH3_MSH6_PMS1_PMS2"
"17",7578457,"C","A","MKH3_MSH6_PMS1_PMS2","MKH3_MSH6_PMS1_PMS2"
"17",37870275,"T","C","MKH3_MSH6_PMS1_PMS2","MKH3_MSH6_PMS1_PMS2"
"19",11098360,"C","T","MKH3_MSH6_PMS1_PMS2","MKH3_MSH6_PMS1_PMS2"
"19",11132617,"G","A","MKH3_MSH6_PMS1_PMS2","MKH3_MSH6_PMS1_PMS2"
"19",11170837,"G","A","MKH3_MSH6_PMS1_PMS2","MKH3_MSH6_PMS1_PMS2"
"19",15272421,"C","T","MKH3_MSH6_PMS1_PMS2","MKH3_MSH6_PMS1_PMS2"
"19",15291062,"G","A","MKH3_MSH6_PMS1_PMS2","MKH3_MSH6_PMS1_PMS2"
"19",15355377,"G","A","MKH3_MSH6_PMS1_PMS2","MKH3_MSH6_PMS1_PMS2"
"2",29448534,"C","T","BRCA1/2","BRCA1/2"
"2",240033393,"C","A","BRCA1/2","BRCA1/2"
"4",84383737,"G","T","BRCA1/2","BRCA1/2"
"4",187535569,"G","C","BRCA1/2","BRCA1/2"
"4",187629289,"T","A","BRCA1/2","BRCA1/2"
"5",112177343,"C","G","BRCA1/2","BRCA1/2"
"6",55216162,"C","T","BRCA1/2","BRCA1/2"
"7",87160702,"C","T","BRCA1/2","BRCA1/2"
"12",12035863,"G","A","BRCA1/2","BRCA1/2"
"12",49428310,"G","A","BRCA1/2","BRCA1/2"
"12",52370448,"C","G","BRCA1/2","BRCA1/2"
"15",88524360,"T","C","BRCA1/2","BRCA1/2"
"17",7577099,"C","A","BRCA1/2","BRCA1/2"
"17",29527611,"A","T","BRCA1/2","BRCA1/2"
"19",42795860,"C","A","BRCA1/2","BRCA1/2"
"19",50920359,"G","A","BRCA1/2","BRCA1/2"
"X",48892302,"G","C","BRCA1/2","BRCA1/2"
"X",66765656,"A","T","BRCA1/2","BRCA1/2"
"X",100624997,"T","G","BRCA1/2","BRCA1/2"
